epoch,loss
1,6.186949389321463
2,5.72127560206822
3,5.551117931093488
4,5.450431040355137
5,5.341085433959961
6,5.2883420671735495
7,5.201705285481045
8,5.134213754108974
