epoch,loss
1,5.206184829984393
2,4.82963912827628
3,4.69910512651716
4,4.634302582059588
5,4.569338968821934
6,4.4579856395721436
7,4.47157222884042
8,4.427947555269514
